dataset,method,n,mean_PSNR,CI_low,CI_high
BOSS,ADAPT_GRADIENT,100,75.35279523389794,75.32605440692723,75.37953606086865
BOSS,LSB,100,75.33653680824393,75.30394663917046,75.3691269773174
MED,ADAPT_GRADIENT,100,75.37514257659114,75.34460403208152,75.40568112110077
MED,LSB,100,75.4490943923871,75.4131977875111,75.4849909972631
OTHER,ADAPT_GRADIENT,100,75.58732490740819,75.55950316585422,75.61514664896215
OTHER,LSB,100,76.02805520714394,75.9947673492362,76.06134306505167
